﻿Designator,Footprint,Quantity,Value,LCSC Part #
AE1,Texas_SWRA117D_2.4GHz_Left,1,Antenna,
BZ1,MagneticBuzzer_CUI_CMT-8504-100-SMT,1,Buzzer,C7437070
"C1, C13, C26, C39",0402,4,1uF,C52923
"C10, C11, C15, C18, C19, C22, C32",0402,7,0.1uF,C1525
"C12, C21",C_0603,2,22uF,C59461
"C14, C7, L4, L5, R35",0402,5,DNP,
"C16, C17, C2, C25, C3, C6, C8",0402,7,10uF,C15525
C31,0402,1,15pF,C1548
"C33, C37, C38, C4",0402,4,12pF,C1547
C40,0402,1,10nF,C15195
C5,C_0402,1,10uF,C15525
C9,C_0402,1,100nF,C1525
"D1, D2, D3",0603,3,LED,C2286
D4,0603,1,SS14,C2480
D5,0603,1,1N4148W,
"DNP1, DNP2, DNP3, DNP4, DNP5",0402,5,~,
"FLASH1, RESET1",SW_TS-1088-AR02016,2,"Tactile Button, 160gf",C720477
J1,TYPE-C-SMD_HX-TYPE-C-16PIN,1,"Connector, USB-TYPE-C-16P",C2927039
J2,PinHeader_1x02_P2.54mm_Vertical,1,Conn_01x02_Pin,
J3,SMA_Molex_73251-1153_EdgeMount_Horizontal,1,Conn_Coaxial,
J4,PinSocket_1x14_P2.54mm_Vertical,1,Conn_01x14_Pin,
J5,IPEX-SMD_BWIPX-1-001E,1,U.FL,C5137195
J6,PinSocket_1x04_P2.54mm_Vertical,1,Conn_01x04_Pin,
J7,"PhoenixContact_MC_1,5_8-G-3.81_1x08_P3.81mm_Horizontal",1,Screw_Terminal_01x08,
"L1, R23, R26, R27, R28, R29, R30, R4, R6",0402,9,0R,C17168
L2,L_Sunlord_MWSA0402S,1,4.7uH 3V,C5349668
L3,0402,1,2nH,C77103
L6,0402,1,4.7nH,C13595
Q1,SOT-23,1,AO3401A,C15127
Q2,Q_SOT-23,1,S8050,C364312
R1,0402,1,2K,C4109
"R10, R11, R13, R21, R22, R31, R8, R9",0402,8,10K,C25744
"R12, R19",0402,2,200K,C25764
"R14, R17",0402,2,5.1K,C25905
R15,0402,1,1K,C11702
"R16, R24, R25",0402,3,470R,C25117
"R18, R2",0402,2,33R,C25105
R20,0402,1,100K,C25741
R3,0402,1,0Ω,C17168
"R32, R33, R34",0402,3,10Ω,C25077
R5,0402,1,330Ω,C25104
R7,0402,1,100kΩ,C25741
SW1,PinHeader_1x02_P2.54mm_Vertical,1,SW_Nidec_CAS-120A1,
U1,QFN-56-1EP_7x7mm_P0.4mm_EP4x4mm,1,ESP32-S3,C2913194
U2,SOIC-8_5.3x5.3mm_P1.27mm,1,W25Q128JVS,C97521
U3,SOT-23-5,1,TP4055,C28441
U5,Ai-Thinker-Ra-01-LoRa,1,Ai-Thinker-Ra-01,C503593
U6,SOT-666,1,USBLC6-2P6,
U7,Quectel_L70-R,1,L70-R,    C2916234
U8,SOT-23-6,1,TPS22917LDBV,C3235537
U9,TSOT-23-6,1,AP63203WU,C780769
UART0,TestPoint_2Pads_Pitch2.54mm_Drill0.8mm,1,TestPoint_2Pole,
Y1,Crystal_SMD_3215-2Pin_3.2x1.5mm,1,32.768 kHz,C32346
Y2,Crystal_SMD_2520-4Pin_2.5x2.0mm,1,40MHz(10ppm),C5261125
