﻿Designator,Footprint,Quantity,Value,LCSC Part #
AE1,Texas_SWRA117D_2.4GHz_Left,1,Antenna,
AE2,SMA_Amphenol_132203-12_Horizontal,1,Antenna,
AE3,U.FL_Molex_MCRF_73412-0110_Vertical,1,Antenna,
BZ1,MagneticBuzzer_CUI_CMT-8504-100-SMT,1,Buzzer,C7437070
C1,C_0402,1,100nF,C1525
"C10, C11, C15, C18, C19, C22, C32, C35",0402,8,0.1uF,C1525
"C13, C26, C39",0402,3,1uF,C52923
"C14, L4, L5",0402,3,DNP,
"C16, C17, C2, C20, C25, C3, C36, C6, C7, C8",0402,10,10uF,C15525
"C31, DNP1",0402,2,15pF,C1548
"C33, C37, C38, C4",0402,4,12pF,C1547
C40,0402,1,10nF,C15195
"D1, D2, D3",0603,3,LED,C2286
D4,D_SMA,1,SS14,C2480
D5,D_SOD-123,1,1N4148W,
"DNP2, DNP3, DNP4, DNP5",0402,4,~,
"FLASH1, RESET1",SW_TS-1088-AR02016,2,"Tactile Button, 160gf",C720477
J1,USB_C_Receptacle_HCTL_HC-TYPE-C-16P-01A,1,USB_C_Receptacle_USB2.0_14P,C19274016
J2,PinSocket_1x02_P2.54mm_Vertical,1,Conn_01x02_Pin,
J3,PinHeader_1x12_P2.54mm_Vertical,1,Conn_01x12_Pin,
J4,PinHeader_1x14_P2.54mm_Vertical,1,Conn_01x14_Pin,
J6,PinHeader_1x04_P2.54mm_Vertical,1,Conn_01x04_Pin,
"L1, L6",0402,2,4.7nH,C13595
L3,0402,1,2nH,C77103
"Q1, Q3",SOT-23,2,AO3401A,C15127
Q2,Q_SOT-23,1,S8050,C364312
R1,0402,1,2K,C4109
"R12, R19",0402,2,200K,C25764
"R14, R17",0402,2,5.1K,C25905
R15,0402,1,1K,C11702
"R16, R24, R25",0402,3,470R,C25117
"R18, R2",0402,2,33R,C25105
R20,0402,1,100K,C25741
"R21, R22",0402,2,10K,C25744
"R23, R26, R27, R28, R29, R30, R4, R6",0402,8,0R,C17168
R3,R_0402,1,0Ω,C17168
R5,R_0402,1,330Ω,C25104
R7,R_0402,1,100kΩ,C25741
SW1,PinSocket_1x03_P2.54mm_Vertical,1,SW_Nidec_CAS-120A1,
U1,QFN-56-1EP_7x7mm_P0.4mm_EP4x4mm,1,ESP32-S3,C2913194
U2,SOIC-8_5.3x5.3mm_P1.27mm,1,W25Q128JVS,C97521
U3,SOT-23-5,1,MCP73831-2-OT,C7472804
U4,SOT-223-3_TabPin2,1,AMS1117-3.3,C6186
U5,Ai-Thinker-Ra-01-LoRa,1,Ai-Thinker-Ra-01,C90040
U6,Bosch_LGA-8_2.5x2.5mm_P0.65mm_ClockwisePinNumbering,1,BME280,C92489
U7,Quectel_L70-R,1,L70-R,    C2916234
Y1,Crystal_SMD_3215-2Pin_3.2x1.5mm,1,32.768 kHz,C32346
Y2,Crystal_SMD_2520-4Pin_2.5x2.0mm,1,40MHz(10ppm),C5261125
